Name,User url,bio,Location
Linked In Member. Profile not visible,https://www.linkedin.com/search/results/people/headless?currentCompany=%5B10369067%5D&origin=OTHER,Deloitte Consulting | McKinsey Next Gen. Women Leader | 3x TEDx Speaker | International Rifle Shooter | Sociopreneur | Chartered Accountant | GGI Scholar'21 | LinkedIn for Creators,Mumbai
Linked In Member. Profile not visible,https://www.linkedin.com/search/results/people/headless?currentCompany=%5B10369067%5D&origin=OTHER,Software Engineer at Google,Ghaziabad
Linked In Member. Profile not visible,https://www.linkedin.com/search/results/people/headless?currentCompany=%5B10369067%5D&origin=OTHER,Sharing my experiences through Storytelling :),"Delhi, India"
Linked In Member. Profile not visible,https://www.linkedin.com/search/results/people/headless?currentCompany=%5B10369067%5D&origin=OTHER,PMO @ Unacademy | Learning Experience | Value Offering | Ex: Teach For India,"Delhi, India"
Linked In Member. Profile not visible,https://www.linkedin.com/search/results/people/headless?currentCompany=%5B10369067%5D&origin=OTHER,Talent Acquisition Coordinator at Unacademy,New Delhi
Linked In Member. Profile not visible,https://www.linkedin.com/search/results/people/headless?currentCompany=%5B10369067%5D&origin=OTHER,Engineering Lead at Unacademy,"Rajasthan, India"
Linked In Member. Profile not visible,https://www.linkedin.com/search/results/people/headless?currentCompany=%5B10369067%5D&origin=OTHER,Unacademy | IIM Lucknow | SRCC | Ex-Goldman Sachs | Edtech,India
Linked In Member. Profile not visible,https://www.linkedin.com/search/results/people/headless?currentCompany=%5B10369067%5D&origin=OTHER,Assistant Manager at Unacademy,Bhopal
Linked In Member. Profile not visible,https://www.linkedin.com/search/results/people/headless?currentCompany=%5B10369067%5D&origin=OTHER,Amazon | GSoC | Unacademy | CodeChef | Relevel,Kolkata
Parth Nigam,https://www.linkedin.com/in/parthnigam?miniProfileUrn=urn%3Ali%3Afs_miniProfile%3AACoAABoVEFABQqP9R6-h0QiX_CoSLSmdlmyEvY0,Head of Growth at Unacademy | Ex-Google | Ex-Deloitte,Bengaluru
Linked In Member. Profile not visible,https://www.linkedin.com/search/results/people/headless?currentCompany=%5B10369067%5D&origin=OTHER,SDE @ Google | IIT Delhi - Institute Silver Medalist | Mathematics and Computing,"Delhi, India"
Linked In Member. Profile not visible,https://www.linkedin.com/search/results/people/headless?currentCompany=%5B10369067%5D&origin=OTHER,Actively looking for new opportunities in Bangalore,Bengaluru
Linked In Member. Profile not visible,https://www.linkedin.com/search/results/people/headless?currentCompany=%5B10369067%5D&origin=OTHER,Programmer Analyst Trainee at Cognizant,Nagpur
Linked In Member. Profile not visible,https://www.linkedin.com/search/results/people/headless?currentCompany=%5B10369067%5D&origin=OTHER,Strategy Associate @Unacademy,Bengaluru
Linked In Member. Profile not visible,https://www.linkedin.com/search/results/people/headless?currentCompany=%5B10369067%5D&origin=OTHER,Co Founder at Unacademy,Bengaluru
Linked In Member. Profile not visible,https://www.linkedin.com/search/results/people/headless?currentCompany=%5B10369067%5D&origin=OTHER,Academic Specialist at Byjus,"Bihar, India"
Linked In Member. Profile not visible,https://www.linkedin.com/search/results/people/headless?currentCompany=%5B10369067%5D&origin=OTHER,"Corporate Trainer | Communication Coach | English Language, IELTS Training | Certified Soft skill Trainer |Train The Trainer |L&D Specialist|",New Delhi
Linked In Member. Profile not visible,https://www.linkedin.com/search/results/people/headless?currentCompany=%5B10369067%5D&origin=OTHER,Data Analyst | IIT Kharagpur,Kolkata
Linked In Member. Profile not visible,https://www.linkedin.com/search/results/people/headless?currentCompany=%5B10369067%5D&origin=OTHER,"Category Manager , Unacademy",Noida
Linked In Member. Profile not visible,https://www.linkedin.com/search/results/people/headless?currentCompany=%5B10369067%5D&origin=OTHER,"Sr. Director of Products at Unacademy | Author, Tech Simplified for PMs and Entrepreneurs",Bengaluru
Linked In Member. Profile not visible,https://www.linkedin.com/search/results/people/headless?currentCompany=%5B10369067%5D&origin=OTHER,Talent Acquisition Coordinator at Unacademy,Bengaluru
Linked In Member. Profile not visible,https://www.linkedin.com/search/results/people/headless?currentCompany=%5B10369067%5D&origin=OTHER,"Sr. Engineering Manager SRE and Data Engineering at Unacademy • Teaches Asli System Design • Building Revine - A programming language for kids • Engineering Newsletter • Amazon, Practo, and D. E. Shaw • #AsliEngineering",Bengaluru
Linked In Member. Profile not visible,https://www.linkedin.com/search/results/people/headless?currentCompany=%5B10369067%5D&origin=OTHER,Associate Onboarding at Unacademy,Pune
Linked In Member. Profile not visible,https://www.linkedin.com/search/results/people/headless?currentCompany=%5B10369067%5D&origin=OTHER,Research Scholar | PhD Sociology,"Delhi, India"
Linked In Member. Profile not visible,https://www.linkedin.com/search/results/people/headless?currentCompany=%5B10369067%5D&origin=OTHER,Talent Acquisition Specialist at Unacademy,Jabalpur
Linked In Member. Profile not visible,https://www.linkedin.com/search/results/people/headless?currentCompany=%5B10369067%5D&origin=OTHER,Software Development Engineer at Unacademy,India
