college,course,start,end,description
International Growth Consultant,,,,
Consultant,,,,
Education Consultant and Content Creator,,,,Check out my YouTube Channel in the links below!
Anchor,,,,"- Content creator and Anchor for MyCaptain SMM Pro Videos
- Backing Vocalist for ""The Music Room"" - Pilot Episode, produced by TVF (The Viral Fever)
- Anchor and VO artist for Ultra India Tutorial Videos
- Anchor and VO artist for Disha Ecoloc Pavers corporate video
- VO artist for HTR corporate video
- VO for Pro Bono project - Dr. Amit Samarth for RAAM'17"
Social Media Ambassador,,,,
